"","pairs","Df","SumsOfSqs","F.Model","R2","p.value","p.adjusted","sig"
"1","C1 vs C10",1,1.37798864594107,13.1917349161128,0.422924051887166,0.001,0.0010709939148073,"*"
"2","C1 vs C37",1,0.674094392332264,10.2380931923628,0.362563191594388,0.001,0.0010709939148073,"*"
"3","C1 vs C38",1,0.732791722434133,10.473040324505,0.36782304260959,0.001,0.0010709939148073,"*"
"4","C1 vs C41",1,0.640380555596131,9.52735668506131,0.359152131068776,0.001,0.0010709939148073,"*"
"5","C1 vs C44",1,0.655447307252986,6.38078752187775,0.261713757857577,0.001,0.0010709939148073,"*"
"6","C1 vs C47",1,1.57533086426539,15.1457276789223,0.456943586384245,0.001,0.0010709939148073,"*"
"7","C1 vs C52",1,1.54660013809525,14.1662785313066,0.440407755516975,0.001,0.0010709939148073,"*"
"8","C1 vs C55",1,1.17142436671431,14.625029887871,0.44827636750482,0.001,0.0010709939148073,"*"
"9","C1 vs C58",1,1.13397969909088,11.5188586887119,0.390220326950404,0.001,0.0010709939148073,"*"
"10","C1 vs C8",1,0.610267106034762,8.26499774541992,0.314677268413669,0.001,0.0010709939148073,"*"
"11","C1 vs C13",1,1.42885985448159,14.2381570790081,0.441655428507087,0.001,0.0010709939148073,"*"
"12","C1 vs C17",1,1.00514256301276,13.2653559521456,0.424282901894652,0.001,0.0010709939148073,"*"
"13","C1 vs C18",1,1.29379532468727,10.1003396306695,0.359438347131069,0.001,0.0010709939148073,"*"
"14","C1 vs C28",1,0.720335252702815,10.5035803546989,0.368500385705663,0.001,0.0010709939148073,"*"
"15","C1 vs C59",1,1.17772197802848,15.4161543723871,0.461338375463275,0.001,0.0010709939148073,"*"
"16","C1 vs C65",1,0.729630950364775,7.76870060351686,0.31364990549459,0.001,0.0010709939148073,"*"
"17","C1 vs C67",1,0.715688435069358,12.2925607871158,0.405794705621063,0.001,0.0010709939148073,"*"
"18","C1 vs C70",1,1.59573335944815,17.664458309851,0.495295853266102,0.001,0.0010709939148073,"*"
"19","C1 vs C72",1,0.53047098220468,7.40229002786148,0.2914024688224,0.001,0.0010709939148073,"*"
"20","C1 vs C73",1,0.581540917582008,8.22715035147231,0.313688305485711,0.001,0.0010709939148073,"*"
"21","C1 vs C74",1,0.842974868355469,9.20366812691144,0.338324526088695,0.001,0.0010709939148073,"*"
"22","C1 vs C86",1,1.60795049960494,17.6696457396932,0.524794524905334,0.001,0.0010709939148073,"*"
"23","C1 vs C15",1,1.32323562845754,12.2794607454399,0.419388213881375,0.001,0.0010709939148073,"*"
"24","C1 vs C16",1,1.69328742425025,22.089187240598,0.551001124268952,0.001,0.0010709939148073,"*"
"25","C1 vs C33",1,1.74859393153065,17.220343256716,0.488931727076008,0.001,0.0010709939148073,"*"
"26","C1 vs C36",1,1.89636944916195,23.7337261278783,0.56869415530151,0.001,0.0010709939148073,"*"
"27","C1 vs C56",1,1.41891163948803,14.7356165887675,0.450140187486912,0.001,0.0010709939148073,"*"
"28","C1 vs C87",1,1.45119184513455,12.7716668335888,0.415046312006988,0.001,0.0010709939148073,"*"
"29","C1 vs C88",1,1.84110413659941,21.170833193659,0.540474415976583,0.001,0.0010709939148073,"*"
"30","C1 vs C89",1,2.08821782542569,26.9543563940924,0.59959386711706,0.001,0.0010709939148073,"*"
"31","C1 vs C90",1,1.49165937537733,17.7060774969637,0.49588413900881,0.001,0.0010709939148073,"*"
"32","C1 vs C91",1,2.29967032071898,29.3139506165646,0.619562522988765,0.001,0.0010709939148073,"*"
"33","C10 vs C37",1,1.35766114723814,13.1486287597014,0.422125444466193,0.001,0.0010709939148073,"*"
"34","C10 vs C38",1,1.36493499611225,12.7109619147697,0.413890061472046,0.001,0.0010709939148073,"*"
"35","C10 vs C41",1,1.16134207137499,10.8710509407264,0.39004811708916,0.001,0.0010709939148073,"*"
"36","C10 vs C44",1,1.00566424965046,7.17638686479324,0.285044351412821,0.001,0.0010709939148073,"*"
"37","C10 vs C47",1,1.00185387288509,7.08400735204691,0.282411309031483,0.001,0.0010709939148073,"*"
"38","C10 vs C52",1,0.732910545076527,4.9998012667266,0.217384542098619,0.001,0.0010709939148073,"*"
"39","C10 vs C55",1,0.72112016343539,6.13664978929127,0.254246129552492,0.001,0.0010709939148073,"*"
"40","C10 vs C58",1,0.836345398978451,6.15599619662156,0.254843399813191,0.001,0.0010709939148073,"*"
"41","C10 vs C8",1,1.51003792969087,13.5732879839181,0.429897829799407,0.001,0.0010709939148073,"*"
"42","C10 vs C13",1,1.05262368243378,7.64058392073417,0.297987906373522,0.001,0.0010709939148073,"*"
"43","C10 vs C17",1,1.250302884819,11.0465255939432,0.380304541354393,0.001,0.0010709939148073,"*"
"44","C10 vs C18",1,0.588372175181759,3.55495972861241,0.164925370929526,0.001,0.0010709939148073,"*"
"45","C10 vs C28",1,1.33546989455245,12.5995877153455,0.411756780272791,0.001,0.0010709939148073,"*"
"46","C10 vs C59",1,1.44496774672496,12.6964851715918,0.413613646664076,0.001,0.0010709939148073,"*"
"47","C10 vs C65",1,0.956389228555393,7.16218052379063,0.296421116328412,0.001,0.0010709939148073,"*"
"48","C10 vs C67",1,1.33947840430315,14.0062354296837,0.437609585808827,0.001,0.0010709939148073,"*"
"49","C10 vs C70",1,0.432178501588479,3.38302867154996,0.158210921545041,0.001,0.0010709939148073,"*"
"50","C10 vs C72",1,1.39038917990578,12.7469457850664,0.41457599965124,0.001,0.0010709939148073,"*"
"51","C10 vs C73",1,1.19192573936696,11.0262672832692,0.379872037133233,0.001,0.0010709939148073,"*"
"52","C10 vs C74",1,0.72827645468232,5.645363343804,0.238751389087168,0.001,0.0010709939148073,"*"
"53","C10 vs C86",1,0.819860920689563,6.16017441912119,0.277984022264997,0.001,0.0010709939148073,"*"
"54","C10 vs C15",1,1.01311525737669,6.87444945221847,0.28794169540859,0.001,0.0010709939148073,"*"
"55","C10 vs C16",1,1.19050141446979,10.4365849897577,0.367012599913694,0.001,0.0010709939148073,"*"
"56","C10 vs C33",1,1.0922808031844,7.86065132057248,0.303961846247826,0.001,0.0010709939148073,"*"
"57","C10 vs C36",1,1.02253866710605,8.71617603808149,0.326250883571712,0.001,0.0010709939148073,"*"
"58","C10 vs C56",1,1.20172555769717,8.98792376061415,0.333035021157538,0.001,0.0010709939148073,"*"
"59","C10 vs C87",1,0.961880323380692,6.36842156772487,0.26133910848619,0.001,0.0010709939148073,"*"
"60","C10 vs C88",1,1.08323468272586,8.70926008196754,0.326076426499269,0.001,0.0010709939148073,"*"
"61","C10 vs C89",1,0.746544577290519,6.4981597316534,0.265250933246929,0.001,0.0010709939148073,"*"
"62","C10 vs C90",1,0.866214719990104,7.12003433634944,0.283440469905988,0.001,0.0010709939148073,"*"
"63","C10 vs C91",1,0.698495390007614,6.02863933199975,0.250893912414392,0.001,0.0010709939148073,"*"
"64","C37 vs C38",1,0.63253543872289,9.19839937919186,0.338196349386247,0.001,0.0010709939148073,"*"
"65","C37 vs C41",1,0.429306604120086,6.51050456589326,0.27691896393147,0.001,0.0010709939148073,"*"
"66","C37 vs C44",1,0.546961863448364,5.38780568293837,0.230368156635953,0.001,0.0010709939148073,"*"
"67","C37 vs C47",1,1.30664209791282,12.7095319434946,0.413862769607823,0.001,0.0010709939148073,"*"
"68","C37 vs C52",1,1.18919878790772,11.0140327567449,0.379610543942206,0.001,0.0010709939148073,"*"
"69","C37 vs C55",1,1.23959169084087,15.7121749804071,0.466068267311104,0.001,0.0010709939148073,"*"
"70","C37 vs C58",1,0.884475152246752,9.09561152404082,0.33568578129232,0.001,0.0010709939148073,"*"
"71","C37 vs C8",1,0.448110233037289,6.16942662122527,0.255257467126148,0.001,0.0010709939148073,"*"
"72","C37 vs C13",1,1.01463647067562,10.2332712464241,0.362454324088295,0.001,0.0010709939148073,"*"
"73","C37 vs C17",1,1.08806978739526,14.5915517911261,0.447709636062774,0.001,0.0010709939148073,"*"
"74","C37 vs C18",1,1.02701195313739,8.09367297781782,0.31017760453648,0.001,0.0010709939148073,"*"
"75","C37 vs C28",1,0.780638540824761,11.5862228028833,0.391608718695723,0.001,0.0010709939148073,"*"
"76","C37 vs C59",1,0.627211757230923,8.34149243070613,0.316667419382149,0.002,0.0020665362035225,"*"
"77","C37 vs C65",1,0.640775410185674,6.91646093269183,0.289192491822132,0.001,0.0010709939148073,"*"
"78","C37 vs C67",1,0.791309379622224,13.8783013004759,0.435352598297598,0.001,0.0010709939148073,"*"
"79","C37 vs C70",1,1.14800906278415,12.8798325034342,0.41709528385563,0.001,0.0010709939148073,"*"
"80","C37 vs C72",1,0.672107927817541,9.5389166005586,0.346379515901693,0.001,0.0010709939148073,"*"
"81","C37 vs C73",1,0.572117119933586,8.23402663226813,0.313868196738818,0.001,0.0010709939148073,"*"
"82","C37 vs C74",1,0.814885678985633,9.01545271600284,0.333714663632583,0.001,0.0010709939148073,"*"
"83","C37 vs C86",1,1.19460227271181,13.325660922104,0.454402748415463,0.001,0.0010709939148073,"*"
"84","C37 vs C15",1,0.924232622722858,8.67940138520618,0.337990798734364,0.001,0.0010709939148073,"*"
"85","C37 vs C16",1,1.62703472557905,21.5634605653535,0.545034743099218,0.001,0.0010709939148073,"*"
"86","C37 vs C33",1,1.53730201219689,15.3211099672468,0.459801908829171,0.001,0.0010709939148073,"*"
"87","C37 vs C36",1,1.59396018746079,20.2540456993165,0.52946153352032,0.001,0.0010709939148073,"*"
"88","C37 vs C56",1,1.20315436982455,12.6530923073547,0.412783551508727,0.001,0.0010709939148073,"*"
"89","C37 vs C87",1,1.21879329677185,10.8412007728655,0.375892836717989,0.001,0.0010709939148073,"*"
"90","C37 vs C88",1,1.56316596087333,18.2270758005611,0.503134061962539,0.001,0.0010709939148073,"*"
"91","C37 vs C89",1,1.79848408998866,23.5808489713085,0.567108405785069,0.001,0.0010709939148073,"*"
"92","C37 vs C90",1,1.39093949953269,16.7498132643948,0.482011604981973,0.001,0.0010709939148073,"*"
"93","C37 vs C91",1,2.02481666065883,26.212520189242,0.592875503975911,0.001,0.0010709939148073,"*"
"94","C38 vs C41",1,0.245339622352273,3.48935152938526,0.170300730327211,0.001,0.0010709939148073,"*"
"95","C38 vs C44",1,0.751881279273479,7.11698544612624,0.283353488474624,0.002,0.0020665362035225,"*"
"96","C38 vs C47",1,1.62789829425312,15.2231662983741,0.458209376001561,0.001,0.0010709939148073,"*"
"97","C38 vs C52",1,1.60717348156371,14.3371170542229,0.443364107882048,0.001,0.0010709939148073,"*"
"98","C38 vs C55",1,1.01354280445602,12.2082329226699,0.404135950418609,0.001,0.0010709939148073,"*"
"99","C38 vs C58",1,1.02050885703621,10.0672164393757,0.358682395923393,0.001,0.0010709939148073,"*"
"100","C38 vs C8",1,0.683919903382777,8.90966591423656,0.331095374525735,0.001,0.0010709939148073,"*"
"101","C38 vs C13",1,1.68342100684927,16.2998528780459,0.475216407953715,0.001,0.0010709939148073,"*"
"102","C38 vs C17",1,1.47269981653228,18.7137762177738,0.509720822689825,0.001,0.0010709939148073,"*"
"103","C38 vs C18",1,1.58010057957991,12.0601550110956,0.401200692632625,0.001,0.0010709939148073,"*"
"104","C38 vs C28",1,1.17219471698907,16.3934151619003,0.476644005392645,0.001,0.0010709939148073,"*"
"105","C38 vs C59",1,1.25759698568252,15.8548593293039,0.468318570610049,0.001,0.0010709939148073,"*"
"106","C38 vs C65",1,0.796175619750072,8.20669908492175,0.325576112019795,0.001,0.0010709939148073,"*"
"107","C38 vs C67",1,0.903196279301765,14.7713141128687,0.450739145277921,0.001,0.0010709939148073,"*"
"108","C38 vs C70",1,1.60422097407955,17.2016256608811,0.488659979132638,0.001,0.0010709939148073,"*"
"109","C38 vs C72",1,0.809059041339671,10.8471688928715,0.376021956717977,0.001,0.0010709939148073,"*"
"110","C38 vs C73",1,0.898206460196982,12.2022992313358,0.404018884054879,0.001,0.0010709939148073,"*"
"111","C38 vs C74",1,1.13601511059757,12.0193894044736,0.400387537618685,0.001,0.0010709939148073,"*"
"112","C38 vs C86",1,1.82740860558646,19.3806743190427,0.547775719147658,0.001,0.0010709939148073,"*"
"113","C38 vs C15",1,1.48064606805688,13.3564687032392,0.439987563567103,0.001,0.0010709939148073,"*"
"114","C38 vs C16",1,1.98480681607267,24.9407526343021,0.580817780412605,0.001,0.0010709939148073,"*"
"115","C38 vs C33",1,2.02367988254783,19.3715929949831,0.518350742971637,0.001,0.0010709939148073,"*"
"116","C38 vs C36",1,2.12603079002028,25.6686681586818,0.587805152779284,0.001,0.0010709939148073,"*"
"117","C38 vs C56",1,1.58170683778337,15.9421629680378,0.469686124100282,0.001,0.0010709939148073,"*"
"118","C38 vs C87",1,1.74266247128619,14.9520715320675,0.453752096207876,0.001,0.0010709939148073,"*"
"119","C38 vs C88",1,2.16358420801501,24.0697233102927,0.572138854652364,0.001,0.0010709939148073,"*"
"120","C38 vs C89",1,2.26871196757036,28.2190764623529,0.610550418188004,0.001,0.0010709939148073,"*"
"121","C38 vs C90",1,1.84147325836859,21.1251678307869,0.53993807572025,0.001,0.0010709939148073,"*"
"122","C38 vs C91",1,2.45743461659293,30.1993664280561,0.626551107743971,0.001,0.0010709939148073,"*"
"123","C41 vs C44",1,0.674452385842825,6.42395282935427,0.274247172377497,0.002,0.0020665362035225,"*"
"124","C41 vs C47",1,1.43530135998418,13.495298235137,0.44253701443023,0.001,0.0010709939148073,"*"
"125","C41 vs C52",1,1.33011270303993,11.8948492900272,0.411659848806777,0.001,0.0010709939148073,"*"
"126","C41 vs C55",1,0.835673004601219,10.3125459216827,0.377575417218644,0.001,0.0010709939148073,"*"
"127","C41 vs C58",1,0.657426364398298,6.54401923045868,0.277948262206342,0.001,0.0010709939148073,"*"
"128","C41 vs C8",1,0.718083680188177,9.65079433675925,0.362120326126564,0.001,0.0010709939148073,"*"
"129","C41 vs C13",1,1.36780706209124,13.3466429757721,0.43980624105367,0.001,0.0010709939148073,"*"
"130","C41 vs C17",1,0.919965203857977,12.0327758544503,0.41445488763369,0.001,0.0010709939148073,"*"
"131","C41 vs C18",1,1.08737169753594,8.24672568780991,0.326645355512051,0.001,0.0010709939148073,"*"
"132","C41 vs C28",1,0.903718092397303,13.1278325623714,0.435737703175089,0.001,0.0010709939148073,"*"
"133","C41 vs C59",1,0.94626668413881,12.2708631788147,0.419217674034838,0.002,0.0020665362035225,"*"
"134","C41 vs C65",1,0.56588811888473,5.90826078064698,0.269681872048289,0.001,0.0010709939148073,"*"
"135","C41 vs C67",1,0.734568654197653,12.6930302511135,0.427475072222967,0.001,0.0010709939148073,"*"
"136","C41 vs C70",1,1.24208228497304,13.5191952308707,0.442973516457466,0.001,0.0010709939148073,"*"
"137","C41 vs C72",1,0.700050136778377,9.70884973277041,0.363506846229254,0.001,0.0010709939148073,"*"
"138","C41 vs C73",1,0.672813777924225,9.46700674781193,0.357690872942955,0.001,0.0010709939148073,"*"
"139","C41 vs C74",1,0.818439936483861,8.78110456159671,0.34060234078089,0.001,0.0010709939148073,"*"
"140","C41 vs C86",1,1.40862232325843,15.1807604608911,0.502994630654277,0.001,0.0010709939148073,"*"
"141","C41 vs C15",1,1.19100608492085,10.7798030112104,0.402534813519645,0.001,0.0010709939148073,"*"
"142","C41 vs C16",1,1.51387508459692,19.5611721901437,0.53502584896381,0.001,0.0010709939148073,"*"
"143","C41 vs C33",1,1.57670020480278,15.1984018309298,0.47202348460445,0.001,0.0010709939148073,"*"
"144","C41 vs C36",1,1.76073131743193,21.7837444765689,0.561672029623893,0.001,0.0010709939148073,"*"
"145","C41 vs C56",1,1.30052914701489,13.2462057858387,0.437946031301571,0.001,0.0010709939148073,"*"
"146","C41 vs C87",1,1.3545445929709,11.6234484376606,0.406081344914659,0.001,0.0010709939148073,"*"
"147","C41 vs C88",1,1.75356868535621,19.8579812589218,0.538770181671711,0.001,0.0010709939148073,"*"
"148","C41 vs C89",1,1.91229041412354,24.4365507270084,0.58973419114928,0.001,0.0010709939148073,"*"
"149","C41 vs C90",1,1.40491532429168,16.4457986160605,0.491714932713949,0.001,0.0010709939148073,"*"
"150","C41 vs C91",1,2.11003639700248,26.6115850222172,0.610195318713144,0.001,0.0010709939148073,"*"
"151","C44 vs C47",1,0.555093695759663,3.97380351269556,0.180842770820248,0.001,0.0010709939148073,"*"
"152","C44 vs C52",1,0.892874757401419,6.16407157990862,0.255092423457054,0.001,0.0010709939148073,"*"
"153","C44 vs C55",1,0.722261292546988,6.23854908373748,0.257381292179867,0.001,0.0010709939148073,"*"
"154","C44 vs C58",1,0.648916210097101,4.83824668171222,0.211848429047159,0.002,0.0020665362035225,"*"
"155","C44 vs C8",1,0.708048786244469,6.46535856903684,0.264265841466936,0.001,0.0010709939148073,"*"
"156","C44 vs C13",1,0.932697197975511,6.85650665151159,0.275843534557767,0.001,0.0010709939148073,"*"
"157","C44 vs C17",1,1.05840437852277,9.4967858703475,0.345378034913849,0.001,0.0010709939148073,"*"
"158","C44 vs C18",1,0.934869161870551,5.70839494386019,0.240775259454605,0.001,0.0010709939148073,"*"
"159","C44 vs C28",1,0.969690641028993,9.3009942191088,0.340683351839207,0.001,0.0010709939148073,"*"
"160","C44 vs C59",1,0.954005516044485,8.51243348690781,0.321073261385507,0.001,0.0010709939148073,"*"
"161","C44 vs C65",1,0.787678426143008,5.98109774506874,0.26026162072054,0.001,0.0010709939148073,"*"
"162","C44 vs C67",1,1.03330494898677,11.0045519408107,0.379407755143661,0.001,0.0010709939148073,"*"
"163","C44 vs C70",1,1.10369884328935,8.75864470299509,0.32732019129559,0.001,0.0010709939148073,"*"
"164","C44 vs C72",1,0.918166707807208,8.5538341714221,0.322131791446824,0.001,0.0010709939148073,"*"
"165","C44 vs C73",1,0.9013264939266,8.47411819187647,0.320090668571418,0.001,0.0010709939148073,"*"
"166","C44 vs C74",1,0.785998112948724,6.1759347946897,0.255457952180044,0.001,0.0010709939148073,"*"
"167","C44 vs C86",1,1.12527768983854,8.58093206820765,0.349088962306112,0.001,0.0010709939148073,"*"
"168","C44 vs C15",1,0.707549680641617,4.86170161920888,0.222384410138373,0.001,0.0010709939148073,"*"
"169","C44 vs C16",1,1.35797642718945,12.0887888258411,0.401770536388588,0.001,0.0010709939148073,"*"
"170","C44 vs C33",1,1.21534671512673,8.85698361725407,0.329783260230459,0.001,0.0010709939148073,"*"
"171","C44 vs C36",1,1.23527047093095,10.6877113258253,0.372553641677369,0.001,0.0010709939148073,"*"
"172","C44 vs C56",1,0.894142253517573,6.77544799148752,0.273474287682526,0.001,0.0010709939148073,"*"
"173","C44 vs C87",1,1.02043792121624,6.83469764162038,0.275207604306248,0.001,0.0010709939148073,"*"
"174","C44 vs C88",1,1.24436486166924,10.1464123669461,0.360486879630229,0.001,0.0010709939148073,"*"
"175","C44 vs C89",1,1.46487784996524,12.9464428362665,0.418349950744401,0.001,0.0010709939148073,"*"
"176","C44 vs C90",1,1.06203836595741,8.85605349541902,0.329760048211463,0.001,0.0010709939148073,"*"
"177","C44 vs C91",1,1.63374139925389,14.315194868671,0.442986493717521,0.002,0.0020665362035225,"*"
"178","C47 vs C52",1,0.557186690101353,3.81266465696004,0.174791329574834,0.001,0.0010709939148073,"*"
"179","C47 vs C55",1,1.0188958372931,8.70378905029942,0.325938354062973,0.001,0.0010709939148073,"*"
"180","C47 vs C58",1,1.00114969359962,7.39337428730392,0.291153676689609,0.001,0.0010709939148073,"*"
"181","C47 vs C8",1,1.64073653334169,14.8075847051592,0.451346383412083,0.001,0.0010709939148073,"*"
"182","C47 vs C13",1,0.691160621676493,5.03319254090062,0.218519101594929,0.001,0.0010709939148073,"*"
"183","C47 vs C17",1,1.41819739739576,12.5795581335157,0.411371481516873,0.001,0.0010709939148073,"*"
"184","C47 vs C18",1,0.792854278170634,4.80341645545674,0.210644596384912,0.001,0.0010709939148073,"*"
"185","C47 vs C28",1,1.65885476300019,15.7168556288899,0.466142388895336,0.001,0.0010709939148073,"*"
"186","C47 vs C59",1,1.31821349440667,11.6283986787229,0.392474760611131,0.001,0.0010709939148073,"*"
"187","C47 vs C65",1,1.3535258010581,10.17229363883,0.374362715714712,0.001,0.0010709939148073,"*"
"188","C47 vs C67",1,1.84934181489121,19.4284071379975,0.519081858502968,0.001,0.0010709939148073,"*"
"189","C47 vs C70",1,1.00144310396852,7.86666767403304,0.304123738440812,0.001,0.0010709939148073,"*"
"190","C47 vs C72",1,1.76956216105528,16.2899095873612,0.475064232696765,0.001,0.0010709939148073,"*"
"191","C47 vs C73",1,1.62206510640576,15.0676959614427,0.45566210536748,0.001,0.0010709939148073,"*"
"192","C47 vs C74",1,1.13214457105087,8.80652730192162,0.328521751539608,0.001,0.0010709939148073,"*"
"193","C47 vs C86",1,0.846902750399785,6.38748849377588,0.285315098902305,0.001,0.0010709939148073,"*"
"194","C47 vs C15",1,0.674953016754198,4.59461729629548,0.2127667850397,0.001,0.0010709939148073,"*"
"195","C47 vs C16",1,1.35593823238775,11.9336496248133,0.39867005107593,0.001,0.0010709939148073,"*"
"196","C47 vs C33",1,0.933364211589509,6.73867382492349,0.272394303454313,0.001,0.0010709939148073,"*"
"197","C47 vs C36",1,0.820905027556515,7.0241988571269,0.28069625314404,0.001,0.0010709939148073,"*"
"198","C47 vs C56",1,1.04783506345539,7.86323231611331,0.304031306682976,0.001,0.0010709939148073,"*"
"199","C47 vs C87",1,0.808355994447616,5.36785025456052,0.22971091461496,0.001,0.0010709939148073,"*"
"200","C47 vs C88",1,0.862719916492253,6.96132427955121,0.278884413406466,0.001,0.0010709939148073,"*"
"201","C47 vs C89",1,1.12925911681692,9.86781491110077,0.354093600182842,0.001,0.0010709939148073,"*"
"202","C47 vs C90",1,1.05936844471977,8.73980809967702,0.32684632840662,0.001,0.0010709939148073,"*"
"203","C47 vs C91",1,1.19763086016577,10.3766503387972,0.365675659914306,0.001,0.0010709939148073,"*"
"204","C52 vs C55",1,1.08950874486684,8.91383740836445,0.331199050997988,0.001,0.0010709939148073,"*"
"205","C52 vs C58",1,0.969289423547218,6.89517929142571,0.276968452836189,0.001,0.0010709939148073,"*"
"206","C52 vs C8",1,1.60131295735382,13.8083513826721,0.434110879138312,0.001,0.0010709939148073,"*"
"207","C52 vs C13",1,0.621616375125129,4.36271860196661,0.195088919179216,0.001,0.0010709939148073,"*"
"208","C52 vs C17",1,1.34027155803472,11.3677274131662,0.387082297967318,0.001,0.0010709939148073,"*"
"209","C52 vs C18",1,0.554723007479748,3.25878852709005,0.153291356322463,0.001,0.0010709939148073,"*"
"210","C52 vs C28",1,1.49945852889068,13.5440912864375,0.429370152509698,0.001,0.0010709939148073,"*"
"211","C52 vs C59",1,1.25485288951526,10.5872631854824,0.370348959842332,0.001,0.0010709939148073,"*"
"212","C52 vs C65",1,1.22623384881943,8.85195111068828,0.342409401626499,0.001,0.0010709939148073,"*"
"213","C52 vs C67",1,1.68968731171896,16.8378203709047,0.483320144361472,0.001,0.0010709939148073,"*"
"214","C52 vs C70",1,0.946303156685193,7.14378298231127,0.284117270155288,0.001,0.0010709939148073,"*"
"215","C52 vs C72",1,1.64329872187468,14.441181357428,0.445149675602717,0.001,0.0010709939148073,"*"
"216","C52 vs C73",1,1.46919194693847,13.0230157015123,0.419785614229549,0.001,0.0010709939148073,"*"
"217","C52 vs C74",1,1.08212038204384,8.09239637283698,0.310143854063992,0.001,0.0010709939148073,"*"
"218","C52 vs C86",1,0.51139079195987,3.69511756044072,0.187615917960433,0.001,0.0010709939148073,"*"
"219","C52 vs C15",1,0.568715433979203,3.73251892237749,0.180032100120204,0.001,0.0010709939148073,"*"
"220","C52 vs C16",1,1.24045136468173,10.4427143881279,0.367149008551967,0.001,0.0010709939148073,"*"
"221","C52 vs C33",1,0.736901373824568,5.12906102217257,0.221758290025506,0.001,0.0010709939148073,"*"
"222","C52 vs C36",1,0.582638063275596,4.77449552981723,0.209642208037771,0.001,0.0010709939148073,"*"
"223","C52 vs C56",1,1.03354705974934,7.46670623663699,0.293194815507599,0.001,0.0010709939148073,"*"
"224","C52 vs C87",1,0.608758194733857,3.90842615404238,0.178398307873029,0.001,0.0010709939148073,"*"
"225","C52 vs C88",1,0.634556721421602,4.91547664312523,0.214504665108064,0.001,0.0010709939148073,"*"
"226","C52 vs C89",1,0.988147646998408,8.26197844825755,0.314598477968278,0.001,0.0010709939148073,"*"
"227","C52 vs C90",1,0.965411244929705,7.63925421955801,0.297951498672324,0.001,0.0010709939148073,"*"
"228","C52 vs C91",1,1.03086932991891,8.54931734533239,0.322016465965195,0.001,0.0010709939148073,"*"
"229","C55 vs C58",1,0.179962037781427,1.61404687899203,0.0822903549150168,0.058,0.0582205323193916,""
"230","C55 vs C8",1,1.33759570665077,15.3942238543242,0.460984627805052,0.001,0.0010709939148073,"*"
"231","C55 vs C13",1,1.23111972440143,10.8558430412394,0.376209526289865,0.001,0.0010709939148073,"*"
"232","C55 vs C17",1,1.24906524146417,14.0622629549467,0.438592340618837,0.001,0.0010709939148073,"*"
"233","C55 vs C18",1,0.897267775730165,6.35701190393577,0.260993094268208,0.001,0.0010709939148073,"*"
"234","C55 vs C28",1,1.47709885358487,18.0946309553523,0.501310873014179,0.001,0.0010709939148073,"*"
"235","C55 vs C59",1,1.35005382813263,15.0932996094261,0.456083249103605,0.001,0.0010709939148073,"*"
"236","C55 vs C65",1,0.959833042098538,8.90887468161688,0.343854173177888,0.001,0.0010709939148073,"*"
"237","C55 vs C67",1,1.47350632313887,20.6740650555743,0.534571812553602,0.001,0.0010709939148073,"*"
"238","C55 vs C70",1,0.949067837196898,9.17969460614306,0.337740903242831,0.001,0.0010709939148073,"*"
"239","C55 vs C72",1,1.46303264360638,17.2700533438266,0.489652033567151,0.001,0.0010709939148073,"*"
"240","C55 vs C73",1,1.2236113762109,14.6124666877436,0.448063828708647,0.001,0.0010709939148073,"*"
"241","C55 vs C74",1,0.761410177755442,7.27625796367706,0.287869271398216,0.001,0.0010709939148073,"*"
"242","C55 vs C86",1,1.21627630587055,11.5086000101135,0.418363711925811,0.001,0.0010709939148073,"*"
"243","C55 vs C15",1,1.03698822170553,8.52928407203077,0.334098051788896,0.001,0.0010709939148073,"*"
"244","C55 vs C16",1,1.22960527940865,13.706635626789,0.43229549133268,0.001,0.0010709939148073,"*"
"245","C55 vs C33",1,1.26632110857883,11.0504766268253,0.380388823521788,0.001,0.0010709939148073,"*"
"246","C55 vs C36",1,1.30404211442247,14.0289276899182,0.438008035290364,0.001,0.0010709939148073,"*"
"247","C55 vs C56",1,1.02207917143842,9.34744061844773,0.34180312332929,0.001,0.0010709939148073,"*"
"248","C55 vs C87",1,1.05343869575291,8.31589097785141,0.316002638286138,0.001,0.0010709939148073,"*"
"249","C55 vs C88",1,1.30022335125918,13.0001414027808,0.419357487240838,0.001,0.0010709939148073,"*"
"250","C55 vs C89",1,1.22172914097535,13.4961483957396,0.428501549655043,0.001,0.0010709939148073,"*"
"251","C55 vs C90",1,0.90822565096517,9.33451929551963,0.341491986546463,0.001,0.0010709939148073,"*"
"252","C55 vs C91",1,1.33179768009073,14.554910923458,0.447088027907034,0.001,0.0010709939148073,"*"
"253","C58 vs C8",1,1.20467113630879,11.4471425305716,0.388735257374713,0.001,0.0010709939148073,"*"
"254","C58 vs C13",1,1.03099257922984,7.82510660165878,0.303003845147968,0.001,0.0010709939148073,"*"
"255","C58 vs C17",1,1.09441103960478,10.2117086292632,0.361967038702182,0.001,0.0010709939148073,"*"
"256","C58 vs C18",1,0.724644834765442,4.54338688789627,0.201539675936434,0.001,0.0010709939148073,"*"
"257","C58 vs C28",1,1.22782503604033,12.2806882992093,0.405561728909907,0.001,0.0010709939148073,"*"
"258","C58 vs C59",1,1.07912092746146,10.0108169247947,0.357391109001656,0.001,0.0010709939148073,"*"
"259","C58 vs C65",1,0.795279543518261,6.2538423342815,0.2689380208389,0.001,0.0010709939148073,"*"
"260","C58 vs C67",1,1.32525634476676,14.7872689903354,0.451006425533465,0.001,0.0010709939148073,"*"
"261","C58 vs C70",1,0.887790450029587,7.29275208922437,0.28833367217209,0.001,0.0010709939148073,"*"
"262","C58 vs C72",1,1.25729436759819,12.1992482062694,0.403958672181013,0.001,0.0010709939148073,"*"
"263","C58 vs C73",1,1.02106944118162,10.0020752827218,0.357190500408853,0.001,0.0010709939148073,"*"
"264","C58 vs C74",1,0.644209386133642,5.23784259247596,0.225401414594825,0.001,0.0010709939148073,"*"
"265","C58 vs C86",1,1.0623808159796,8.4098404290962,0.344526645044012,0.001,0.0010709939148073,"*"
"266","C58 vs C15",1,0.820497394205334,5.81882832212042,0.255001187614865,0.001,0.0010709939148073,"*"
"267","C58 vs C16",1,1.08523958916601,10.0432121218854,0.358133443424175,0.001,0.0010709939148073,"*"
"268","C58 vs C33",1,1.06891312917634,8.0404160612308,0.308766804736328,0.001,0.0010709939148073,"*"
"269","C58 vs C36",1,1.17797057573789,10.5835469008424,0.370267095877122,0.001,0.0010709939148073,"*"
"270","C58 vs C56",1,0.845359085456512,6.62032526871203,0.268896742689475,0.001,0.0010709939148073,"*"
"271","C58 vs C87",1,0.887994563122401,6.12300029497073,0.253824160349046,0.001,0.0010709939148073,"*"
"272","C58 vs C88",1,1.12087211910173,9.46967622705204,0.344731992790157,0.001,0.0010709939148073,"*"
"273","C58 vs C89",1,1.20875174246953,11.1024478643607,0.381495326994707,0.001,0.0010709939148073,"*"
"274","C58 vs C90",1,0.817257702994449,7.06690406709967,0.281921694365719,0.001,0.0010709939148073,"*"
"275","C58 vs C91",1,1.35479219745366,12.3331257385092,0.406589345418226,0.001,0.0010709939148073,"*"
"276","C8 vs C13",1,1.48308361579939,13.8416438039353,0.434702551450079,0.001,0.0010709939148073,"*"
"277","C8 vs C17",1,1.28293010850504,15.5385712400083,0.463304507780352,0.001,0.0010709939148073,"*"
"278","C8 vs C18",1,1.39068756366495,10.3100601386869,0.364183618409123,0.001,0.0010709939148073,"*"
"279","C8 vs C28",1,0.824741240887329,10.9422474801833,0.378071795829796,0.001,0.0010709939148073,"*"
"280","C8 vs C59",1,1.07861775387826,12.9660973794093,0.418719130814044,0.001,0.0010709939148073,"*"
"281","C8 vs C65",1,0.746330050477064,7.38128911236776,0.302744004976484,0.001,0.0010709939148073,"*"
"282","C8 vs C67",1,0.704608588570867,10.8378828809091,0.375821031164665,0.001,0.0010709939148073,"*"
"283","C8 vs C70",1,1.4061887805186,14.4776799623082,0.445773219611444,0.001,0.0010709939148073,"*"
"284","C8 vs C72",1,0.638067732600577,8.13288079874526,0.31121256249467,0.001,0.0010709939148073,"*"
"285","C8 vs C73",1,0.809378649042181,10.4465868355334,0.367235158858647,0.001,0.0010709939148073,"*"
"286","C8 vs C74",1,0.957139492859474,9.72866759795049,0.350852328680573,0.001,0.0010709939148073,"*"
"287","C8 vs C86",1,1.64840397387319,16.7109791515271,0.510867592012969,0.001,0.0010709939148073,"*"
"288","C8 vs C15",1,1.36232203426728,11.8512412138039,0.410770584391138,0.001,0.0010709939148073,"*"
"289","C8 vs C16",1,1.96718974490052,23.5735367412251,0.567032265932986,0.001,0.0010709939148073,"*"
"290","C8 vs C33",1,1.95549413601806,18.0505100306634,0.500700545299088,0.001,0.0010709939148073,"*"
"291","C8 vs C36",1,2.05974083668462,23.7587171630192,0.568952275767214,0.001,0.0010709939148073,"*"
"292","C8 vs C56",1,1.59624625174985,15.4849796726331,0.462445544958439,0.001,0.0010709939148073,"*"
"293","C8 vs C87",1,1.71412677046717,14.2347931010247,0.441597160447485,0.001,0.0010709939148073,"*"
"294","C8 vs C88",1,2.08342201046468,22.2216500226743,0.552479821443108,0.001,0.0010709939148073,"*"
"295","C8 vs C89",1,2.23101667468042,26.4763239604641,0.595290293865101,0.001,0.0010709939148073,"*"
"296","C8 vs C90",1,1.78873532374826,19.6482620236577,0.521890280388268,0.001,0.0010709939148073,"*"
"297","C8 vs C91",1,2.38522177854105,27.9817949984953,0.608540727899182,0.001,0.0010709939148073,"*"
"298","C13 vs C17",1,1.00635824067326,9.22579234173738,0.338862216604589,0.001,0.0010709939148073,"*"
"299","C13 vs C18",1,0.489026396953382,3.029843370834,0.144073511029381,0.001,0.0010709939148073,"*"
"300","C13 vs C28",1,0.983069939378298,9.64844728332104,0.348968865573203,0.001,0.0010709939148073,"*"
"301","C13 vs C59",1,1.01550343110264,9.25673570163887,0.339612776928467,0.002,0.0020665362035225,"*"
"302","C13 vs C65",1,1.09290344692685,8.45981641043355,0.332281123871996,0.001,0.0010709939148073,"*"
"303","C13 vs C67",1,1.43297244794875,15.655730584412,0.465172804528662,0.001,0.0010709939148073,"*"
"304","C13 vs C70",1,0.9068773349064,7.33453820870423,0.289507475853035,0.001,0.0010709939148073,"*"
"305","C13 vs C72",1,1.32913072248409,12.6617588713355,0.412949528579474,0.001,0.0010709939148073,"*"
"306","C13 vs C73",1,1.14411435941085,11.0016775059265,0.379346246563783,0.001,0.0010709939148073,"*"
"307","C13 vs C74",1,0.932708941708071,7.46763733511652,0.293220656351174,0.001,0.0010709939148073,"*"
"308","C13 vs C86",1,0.649462897286881,5.05523657899823,0.240094028866939,0.001,0.0010709939148073,"*"
"309","C13 vs C15",1,0.498382433891161,3.48450028310948,0.170104236615556,0.001,0.0010709939148073,"*"
"310","C13 vs C16",1,1.01015571950885,9.18608983185681,0.337896692340526,0.001,0.0010709939148073,"*"
"311","C13 vs C33",1,0.603641727876687,4.4763510498856,0.199158263721298,0.001,0.0010709939148073,"*"
"312","C13 vs C36",1,0.615502536576264,5.43678098389741,0.231976438557532,0.001,0.0010709939148073,"*"
"313","C13 vs C56",1,0.815312753937503,6.2909812551234,0.258984237361614,0.001,0.0010709939148073,"*"
"314","C13 vs C87",1,0.588804559760897,4.0072497077258,0.182087710229372,0.001,0.0010709939148073,"*"
"315","C13 vs C88",1,0.59478036546955,4.94524709879708,0.21552381098813,0.001,0.0010709939148073,"*"
"316","C13 vs C89",1,0.927735619389358,8.37447683476479,0.317522007629975,0.001,0.0010709939148073,"*"
"317","C13 vs C90",1,0.800684296237544,6.8111712382303,0.274520342987086,0.001,0.0010709939148073,"*"
"318","C13 vs C91",1,1.06878105160593,9.56329655282509,0.34695764835302,0.001,0.0010709939148073,"*"
"319","C17 vs C18",1,0.535062266805857,3.91067569754635,0.178482660759945,0.002,0.0020665362035225,"*"
"320","C17 vs C28",1,0.827409063256134,10.7029469846091,0.372886693145067,0.001,0.0010709939148073,"*"
"321","C17 vs C59",1,0.992163074697374,11.6557771435413,0.393035633061459,0.001,0.0010709939148073,"*"
"322","C17 vs C65",1,0.751805674899977,7.28781121347851,0.300060435640827,0.001,0.0010709939148073,"*"
"323","C17 vs C67",1,0.791969716242232,11.8296335273603,0.39657321021091,0.001,0.0010709939148073,"*"
"324","C17 vs C70",1,1.14743796846236,11.5829691628825,0.391541805662144,0.001,0.0010709939148073,"*"
"325","C17 vs C72",1,0.761804860386051,9.47638985255476,0.344892102034054,0.001,0.0010709939148073,"*"
"326","C17 vs C73",1,0.689278768711623,8.67975166836755,0.32533105166262,0.001,0.0010709939148073,"*"
"327","C17 vs C74",1,0.676535515529789,6.74391823959976,0.272548517752815,0.001,0.0010709939148073,"*"
"328","C17 vs C86",1,1.14166693445474,11.3240115177825,0.41443444387413,0.001,0.0010709939148073,"*"
"329","C17 vs C15",1,1.1452648597235,9.78858047952596,0.365401238300297,0.001,0.0010709939148073,"*"
"330","C17 vs C16",1,0.919414368171761,10.7680527133228,0.374305929588901,0.001,0.0010709939148073,"*"
"331","C17 vs C33",1,1.11010138361715,10.0672096180266,0.358682240059973,0.001,0.0010709939148073,"*"
"332","C17 vs C36",1,1.4133131554892,15.9464735974087,0.46975346501458,0.001,0.0010709939148073,"*"
"333","C17 vs C56",1,1.26904384448597,12.0840622623466,0.401676547434589,0.001,0.0010709939148073,"*"
"334","C17 vs C87",1,1.12236247354292,9.17318321797563,0.337582209062182,0.001,0.0010709939148073,"*"
"335","C17 vs C88",1,1.34573627511067,14.0633724617384,0.438611767321744,0.001,0.0010709939148073,"*"
"336","C17 vs C89",1,1.60962021873899,18.6732933551153,0.509179614012241,0.001,0.0010709939148073,"*"
"337","C17 vs C90",1,1.09854404479536,11.8158209163153,0.396293664007407,0.001,0.0010709939148073,"*"
"338","C17 vs C91",1,1.80645400961069,20.7218298685001,0.535145935480625,0.001,0.0010709939148073,"*"
"339","C18 vs C28",1,0.970793302499332,7.4890192415061,0.293813550476318,0.001,0.0010709939148073,"*"
"340","C18 vs C59",1,1.00420793913703,7.30629337842617,0.288714481776096,0.001,0.0010709939148073,"*"
"341","C18 vs C65",1,0.818860735876106,5.16438029261104,0.233003595157258,0.001,0.0010709939148073,"*"
"342","C18 vs C67",1,1.15888825037974,9.71649547135067,0.350567245465581,0.001,0.0010709939148073,"*"
"343","C18 vs C70",1,0.52867143164358,3.49223713230778,0.162488302674557,0.001,0.0010709939148073,"*"
"344","C18 vs C72",1,1.12349274589078,8.46564454472352,0.31987297835946,0.001,0.0010709939148073,"*"
"345","C18 vs C73",1,0.928268454553787,7.04650949295503,0.28133698609529,0.001,0.0010709939148073,"*"
"346","C18 vs C74",1,0.609709047084135,3.99442224517064,0.181610692049331,0.001,0.0010709939148073,"*"
"347","C18 vs C86",1,0.498785762206325,3.12364345122924,0.163339347922661,0.001,0.0010709939148073,"*"
"348","C18 vs C15",1,0.626448484142976,3.63368950360691,0.176104690485515,0.001,0.0010709939148073,"*"
"349","C18 vs C16",1,0.752562066400601,5.46500023339567,0.232900071554988,0.001,0.0010709939148073,"*"
"350","C18 vs C33",1,0.567141295017722,3.48814126885534,0.162328664225184,0.002,0.0020665362035225,"*"
"351","C18 vs C36",1,0.637841366585925,4.52527638038126,0.200897707267318,0.001,0.0010709939148073,"*"
"352","C18 vs C56",1,0.851992015142002,5.41496640987541,0.23126090873193,0.001,0.0010709939148073,"*"
"353","C18 vs C87",1,0.51912527015279,2.97195283110612,0.141710829460671,0.003,0.00308771929824561,"*"
"354","C18 vs C88",1,0.629661741756286,4.25409457776671,0.191160083502873,0.001,0.0010709939148073,"*"
"355","C18 vs C89",1,0.659724313381269,4.76262025410793,0.209229877797062,0.001,0.0010709939148073,"*"
"356","C18 vs C90",1,0.576884424944709,3.97044810357074,0.180717666060049,0.001,0.0010709939148073,"*"
"357","C18 vs C91",1,0.715704175658696,5.13054687101247,0.221808282338631,0.001,0.0010709939148073,"*"
"358","C28 vs C59",1,0.891421784244626,11.4387539541018,0.388561077412993,0.001,0.0010709939148073,"*"
"359","C28 vs C65",1,0.547624799051639,5.73163624702014,0.252143584594421,0.001,0.0010709939148073,"*"
"360","C28 vs C67",1,0.539743631779036,9.03247100445584,0.334134123475689,0.001,0.0010709939148073,"*"
"361","C28 vs C70",1,1.14330455734495,12.4447436067937,0.408764933859279,0.001,0.0010709939148073,"*"
"362","C28 vs C72",1,0.309670858736159,4.23060636757598,0.190305486842071,0.001,0.0010709939148073,"*"
"363","C28 vs C73",1,0.496861674612223,6.87981200751056,0.276521864611908,0.001,0.0010709939148073,"*"
"364","C28 vs C74",1,0.556897501421794,5.98005332680003,0.249376147971979,0.001,0.0010709939148073,"*"
"365","C28 vs C86",1,1.19510669378455,12.8884142086748,0.446144745626244,0.001,0.0010709939148073,"*"
"366","C28 vs C15",1,1.27295183895541,11.6373520182418,0.406369695453298,0.001,0.0010709939148073,"*"
"367","C28 vs C16",1,1.73491614563573,22.188039296074,0.55210554395575,0.001,0.0010709939148073,"*"
"368","C28 vs C33",1,1.66790312363183,16.1811382359506,0.473393780050654,0.001,0.0010709939148073,"*"
"369","C28 vs C36",1,1.79059287076356,21.9875847882155,0.549860285502797,0.001,0.0010709939148073,"*"
"370","C28 vs C56",1,1.56895549898909,16.0382334624963,0.471182897319492,0.001,0.0010709939148073,"*"
"371","C28 vs C87",1,1.52512109447461,13.243435387292,0.423878975635267,0.001,0.0010709939148073,"*"
"372","C28 vs C88",1,1.79782375755621,20.3146597814166,0.530205928939753,0.001,0.0010709939148073,"*"
"373","C28 vs C89",1,1.98317991232655,25.1013109251451,0.582379291635445,0.001,0.0010709939148073,"*"
"374","C28 vs C90",1,1.55931343652389,18.1779960495157,0.502460004269889,0.001,0.0010709939148073,"*"
"375","C28 vs C91",1,2.14521144325142,26.8203909171531,0.598397077052015,0.001,0.0010709939148073,"*"
"376","C59 vs C65",1,0.430499689968156,4.14662470536496,0.196089199252349,0.002,0.0020665362035225,"*"
"377","C59 vs C67",1,0.813206766491677,12.0348015989779,0.400695225480945,0.001,0.0010709939148073,"*"
"378","C59 vs C70",1,1.0782612827992,10.81659618532,0.375359952846557,0.001,0.0010709939148073,"*"
"379","C59 vs C72",1,0.693859007957144,8.56477637906588,0.322411009859479,0.001,0.0010709939148073,"*"
"380","C59 vs C73",1,0.646300620986611,8.07516602708612,0.309688000402294,0.001,0.0010709939148073,"*"
"381","C59 vs C74",1,0.700469542835452,6.93938299583061,0.27824998705825,0.001,0.0010709939148073,"*"
"382","C59 vs C86",1,1.04261135497117,10.270062913807,0.390941694639387,0.001,0.0010709939148073,"*"
"383","C59 vs C15",1,1.16801554197827,9.92703366618633,0.368664212673831,0.001,0.0010709939148073,"*"
"384","C59 vs C16",1,1.6332743793675,18.9900508138129,0.513382663608605,0.001,0.0010709939148073,"*"
"385","C59 vs C33",1,1.52602950962766,13.7613609882459,0.433273655790085,0.001,0.0010709939148073,"*"
"386","C59 vs C36",1,1.53193591619293,17.1641855800831,0.488115544180408,0.001,0.0010709939148073,"*"
"387","C59 vs C56",1,1.47720755867263,13.9832394347556,0.437205226296129,0.001,0.0010709939148073,"*"
"388","C59 vs C87",1,1.17458656253158,9.55135746116155,0.346674659302209,0.001,0.0010709939148073,"*"
"389","C59 vs C88",1,1.45704225725859,15.1280139937568,0.456653211889121,0.001,0.0010709939148073,"*"
"390","C59 vs C89",1,1.84393065357462,21.2379676551708,0.541260644328302,0.001,0.0010709939148073,"*"
"391","C59 vs C90",1,1.46538759350646,15.6565839279668,0.465186364768202,0.001,0.0010709939148073,"*"
"392","C59 vs C91",1,2.02556106219181,23.0702531141893,0.561726587124898,0.001,0.0010709939148073,"*"
"393","C65 vs C67",1,0.281600379203013,3.32954671542657,0.16377869915319,0.001,0.0010709939148073,"*"
"394","C65 vs C70",1,0.72231750261977,6.09140224278402,0.263795250662508,0.001,0.0010709939148073,"*"
"395","C65 vs C72",1,0.317084468680344,3.20907397321245,0.158793716993967,0.002,0.0020665362035225,"*"
"396","C65 vs C73",1,0.296958675263008,3.03720388866937,0.151578229454802,0.002,0.0020665362035225,"*"
"397","C65 vs C74",1,0.285201047814671,2.37847813233494,0.122738128148784,0.015,0.0152015355086372,"."
"398","C65 vs C86",1,1.08067351722177,8.78204130010247,0.369271972463719,0.001,0.0010709939148073,"*"
"399","C65 vs C15",1,1.18539408258999,8.53671374214144,0.347915936577919,0.001,0.0010709939148073,"*"
"400","C65 vs C16",1,1.43904130978873,13.8241458967612,0.44848431301429,0.001,0.0010709939148073,"*"
"401","C65 vs C33",1,1.4737408497877,11.2977460218994,0.399245438599816,0.001,0.0010709939148073,"*"
"402","C65 vs C36",1,1.55323898828229,14.4444159988413,0.459363468520884,0.001,0.0010709939148073,"*"
"403","C65 vs C56",1,1.28286209841891,10.2722949093188,0.376656784604102,0.001,0.0010709939148073,"*"
"404","C65 vs C87",1,1.26581442836832,8.83702406619005,0.342029486195899,0.001,0.0010709939148073,"*"
"405","C65 vs C88",1,1.58465607983118,13.7784360717006,0.447665243276259,0.001,0.0010709939148073,"*"
"406","C65 vs C89",1,1.68179410834528,16.023234701115,0.48521093848429,0.001,0.0010709939148073,"*"
"407","C65 vs C90",1,1.26059987201462,11.2421680547001,0.398063209344481,0.001,0.0010709939148073,"*"
"408","C65 vs C91",1,1.81043453123432,17.0804535715441,0.501180347723002,0.001,0.0010709939148073,"*"
"409","C67 vs C70",1,0.970475519567858,11.9059554890951,0.398113194993435,0.001,0.0010709939148073,"*"
"410","C67 vs C72",1,0.237777598439576,3.78391519238266,0.173702255033834,0.001,0.0010709939148073,"*"
"411","C67 vs C73",1,0.340270117569047,5.50051228673045,0.234059250267336,0.001,0.0010709939148073,"*"
"412","C67 vs C74",1,0.538445131998868,6.50554278255344,0.265472299074519,0.001,0.0010709939148073,"*"
"413","C67 vs C86",1,1.44523455433195,17.8261902335964,0.52699373209021,0.001,0.0010709939148073,"*"
"414","C67 vs C15",1,1.59642456384027,16.2210304001392,0.488275956668436,0.001,0.0010709939148073,"*"
"415","C67 vs C16",1,1.83602881719192,27.0669785796679,0.600594480320437,0.001,0.0010709939148073,"*"
"416","C67 vs C33",1,1.88726167477683,20.3547941897819,0.530697520864409,0.001,0.0010709939148073,"*"
"417","C67 vs C36",1,2.01898232610252,28.4052314423208,0.612112698492345,0.001,0.0010709939148073,"*"
"418","C67 vs C56",1,1.75502757541278,20.0649687883678,0.52712426745768,0.002,0.0020665362035225,"*"
"419","C67 vs C87",1,1.67904656524772,16.0211574920725,0.470917472334846,0.001,0.0010709939148073,"*"
"420","C67 vs C88",1,2.03131653530276,25.9958176170237,0.590870201420348,0.001,0.0010709939148073,"*"
"421","C67 vs C89",1,2.19244672352647,31.9373700689218,0.63954849894664,0.001,0.0010709939148073,"*"
"422","C67 vs C90",1,1.69827229947791,22.5170656574098,0.555742754122468,0.001,0.0010709939148073,"*"
"423","C67 vs C91",1,2.38651019089807,34.2763130864681,0.655675793925502,0.001,0.0010709939148073,"*"
"424","C70 vs C72",1,1.13688997192951,11.9731111236736,0.399461740033283,0.001,0.0010709939148073,"*"
"425","C70 vs C73",1,0.951422052315644,10.124086445877,0.359979210893132,0.001,0.0010709939148073,"*"
"426","C70 vs C74",1,0.520186780466867,4.52802160608635,0.200995084489045,0.001,0.0010709939148073,"*"
"427","C70 vs C86",1,0.78514580394386,6.69905105596834,0.295124718625933,0.001,0.0010709939148073,"*"
"428","C70 vs C15",1,1.05789234014618,7.98887966349221,0.319697392242985,0.001,0.0010709939148073,"*"
"429","C70 vs C16",1,1.31452209423019,13.152145217965,0.422190675022288,0.001,0.0010709939148073,"*"
"430","C70 vs C33",1,1.19529749057761,9.57518420962473,0.347239174789724,0.001,0.0010709939148073,"*"
"431","C70 vs C36",1,1.11881769435718,10.8420560946575,0.37591134484569,0.001,0.0010709939148073,"*"
"432","C70 vs C56",1,1.32796784202639,11.105099592347,0.38155167815564,0.001,0.0010709939148073,"*"
"433","C70 vs C87",1,1.05817192203932,7.72859970901107,0.30038944196035,0.001,0.0010709939148073,"*"
"434","C70 vs C88",1,1.17981596450713,10.7008237733416,0.372840300956131,0.001,0.0010709939148073,"*"
"435","C70 vs C89",1,0.827755399866748,8.21488471346583,0.313367188269422,0.001,0.0010709939148073,"*"
"436","C70 vs C90",1,0.954330973887456,8.87451552799262,0.330220484114361,0.001,0.0010709939148073,"*"
"437","C70 vs C91",1,0.821944786819787,8.0788598793106,0.309785777319195,0.001,0.0010709939148073,"*"
"438","C72 vs C73",1,0.153527332316323,2.03878466928194,0.101741932104658,0.02,0.0201526717557252,"."
"439","C72 vs C74",1,0.415159084771509,4.31518107889882,0.193374235397948,0.001,0.0010709939148073,"*"
"440","C72 vs C86",1,1.40411025218106,14.596390343942,0.477062495930408,0.001,0.0010709939148073,"*"
"441","C72 vs C15",1,1.55119728563243,13.7701231047929,0.44751602253577,0.001,0.0010709939148073,"*"
"442","C72 vs C16",1,1.89497515006475,23.3157056594924,0.564330326381236,0.001,0.0010709939148073,"*"
"443","C72 vs C33",1,1.93425962097172,18.2202104143654,0.503039883145987,0.001,0.0010709939148073,"*"
"444","C72 vs C36",1,2.03160157088117,24.0370295812904,0.571806091455821,0.001,0.0010709939148073,"*"
"445","C72 vs C56",1,1.7994415904758,17.8323072460376,0.497660034102591,0.001,0.0010709939148073,"*"
"446","C72 vs C87",1,1.67666032475939,14.1797068181971,0.440641268060861,0.001,0.0010709939148073,"*"
"447","C72 vs C88",1,2.06858391687551,22.5872435285396,0.55651090256122,0.001,0.0010709939148073,"*"
"448","C72 vs C89",1,2.2102541847726,26.9247206216,0.599329728689609,0.001,0.0010709939148073,"*"
"449","C72 vs C90",1,1.73908304761939,19.5702983365662,0.520898135044058,0.001,0.0010709939148073,"*"
"450","C72 vs C91",1,2.38318080241483,28.6897018956417,0.614476013570774,0.001,0.0010709939148073,"*"
"451","C73 vs C74",1,0.315440407769128,3.31235532212111,0.155419486586875,0.002,0.0020665362035225,"*"
"452","C73 vs C86",1,1.21523393570614,12.7790197037334,0.444039436898389,0.001,0.0010709939148073,"*"
"453","C73 vs C15",1,1.32427873168217,11.864757727196,0.411046503120903,0.001,0.0010709939148073,"*"
"454","C73 vs C16",1,1.58167059282623,19.6977266669893,0.522517626619591,0.001,0.0010709939148073,"*"
"455","C73 vs C33",1,1.6207315086798,15.4087407055761,0.461218842139845,0.001,0.0010709939148073,"*"
"456","C73 vs C36",1,1.68279504216178,20.1430654840069,0.528092465259583,0.002,0.0020665362035225,"*"
"457","C73 vs C56",1,1.41986344002259,14.2083579080576,0.441138848140504,0.001,0.0010709939148073,"*"
"458","C73 vs C87",1,1.38203602776106,11.7854648818343,0.39567839308837,0.001,0.0010709939148073,"*"
"459","C73 vs C88",1,1.71165317115236,18.8914918618605,0.512082621451021,0.001,0.0010709939148073,"*"
"460","C73 vs C89",1,1.81387329001082,22.3624010407264,0.554040405528956,0.001,0.0010709939148073,"*"
"461","C73 vs C90",1,1.3340190951643,15.1789919905086,0.457488039264448,0.001,0.0010709939148073,"*"
"462","C73 vs C91",1,2.0083693725221,24.4654699491823,0.576126202735062,0.001,0.0010709939148073,"*"
"463","C74 vs C86",1,0.863762694520366,7.28208048111398,0.312776192274615,0.001,0.0010709939148073,"*"
"464","C74 vs C15",1,1.04084121127331,7.78200080551121,0.314018261341537,0.001,0.0010709939148073,"*"
"465","C74 vs C16",1,1.35669267675548,13.4056944118931,0.426855532505483,0.001,0.0010709939148073,"*"
"466","C74 vs C33",1,1.33046161472492,10.5518321800318,0.36956760299997,0.001,0.0010709939148073,"*"
"467","C74 vs C36",1,1.28979359556437,12.3486963006476,0.406893797951516,0.001,0.0010709939148073,"*"
"468","C74 vs C56",1,1.2228915327641,10.1201605809665,0.35988985737928,0.001,0.0010709939148073,"*"
"469","C74 vs C87",1,1.10900856856275,8.02630491986629,0.308392026627633,0.001,0.0010709939148073,"*"
"470","C74 vs C88",1,1.34544650270678,12.0656973627911,0.401311076114384,0.001,0.0010709939148073,"*"
"471","C74 vs C89",1,1.30259666770164,12.768272582035,0.41498178189861,0.001,0.0010709939148073,"*"
"472","C74 vs C90",1,0.985429296729489,9.05796357290527,0.334761466748944,0.001,0.0010709939148073,"*"
"473","C74 vs C91",1,1.41410983091014,13.7298136622556,0.432710188859003,0.001,0.0010709939148073,"*"
"474","C86 vs C15",1,0.733979655982374,5.29028113836513,0.260729809621129,0.001,0.0010709939148073,"*"
"475","C86 vs C16",1,1.28180996867642,12.5897601131637,0.440359067838661,0.001,0.0010709939148073,"*"
"476","C86 vs C33",1,0.8516128125169,6.56046259767101,0.290794684252098,0.001,0.0010709939148073,"*"
"477","C86 vs C36",1,0.694531599130369,6.5854625200856,0.291579705938236,0.001,0.0010709939148073,"*"
"478","C86 vs C56",1,1.15227571136827,9.29986215140527,0.367585487057237,0.001,0.0010709939148073,"*"
"479","C86 vs C87",1,0.615073241785029,4.28909844508884,0.211399163777386,0.001,0.0010709939148073,"*"
"480","C86 vs C88",1,0.566544991829275,4.99557159585174,0.237934536482862,0.001,0.0010709939148073,"*"
"481","C86 vs C89",1,0.927574444140557,9.02914447513784,0.360745229790285,0.001,0.0010709939148073,"*"
"482","C86 vs C90",1,0.981069001239343,8.89043591056849,0.357182812808578,0.001,0.0010709939148073,"*"
"483","C86 vs C91",1,1.00297372423635,9.65970842906136,0.376454333289348,0.001,0.0010709939148073,"*"
"484","C15 vs C16",1,0.672475990050138,5.70199377792708,0.251167092798302,0.001,0.0010709939148073,"*"
"485","C15 vs C33",1,0.411561421314425,2.8523935861126,0.14368008440594,0.006,0.00615145631067961,"*"
"486","C15 vs C36",1,0.493257274537499,4.06398145955611,0.192935104284969,0.001,0.0010709939148073,"*"
"487","C15 vs C56",1,0.380345556964523,2.74169536981064,0.138878415376791,0.012,0.0121846153846154,"."
"488","C15 vs C87",1,0.391272798389815,2.49090353098393,0.127798258660726,0.018,0.0181720841300191,"."
"489","C15 vs C88",1,0.459156904974358,3.56348180128218,0.173291752618469,0.001,0.0010709939148073,"*"
"490","C15 vs C89",1,0.741694637148958,6.24319534231914,0.268603143860865,0.001,0.0010709939148073,"*"
"491","C15 vs C90",1,0.646475088906442,5.13188867276857,0.231877574871544,0.001,0.0010709939148073,"*"
"492","C15 vs C91",1,0.901945544374252,7.52654330196827,0.30687338241277,0.001,0.0010709939148073,"*"
"493","C16 vs C33",1,0.294415973129581,2.64872446011933,0.128275451843771,0.017,0.0171954022988506,"."
"494","C16 vs C36",1,0.782693091434811,8.74386356951415,0.32694840619369,0.001,0.0010709939148073,"*"
"495","C16 vs C56",1,0.612762594268777,5.78608339029285,0.243254986344417,0.001,0.0010709939148073,"*"
"496","C16 vs C87",1,0.484609947605226,3.93232831514403,0.179293700998849,0.003,0.00308771929824561,"*"
"497","C16 vs C88",1,0.65338757154203,6.76554768450268,0.273183850835502,0.001,0.0010709939148073,"*"
"498","C16 vs C89",1,0.766892461639666,8.80636341817586,0.328517646381111,0.002,0.0020665362035225,"*"
"499","C16 vs C90",1,0.448234501633884,4.77570995857123,0.209684350883384,0.001,0.0010709939148073,"*"
"500","C16 vs C91",1,0.990446526055804,11.2472496508573,0.384557515155195,0.001,0.0010709939148073,"*"
"501","C33 vs C36",1,0.365556690294861,3.19545610830244,0.150761375078442,0.005,0.00513618677042801,"*"
"502","C33 vs C56",1,0.455328436267105,3.48141510533874,0.162066376366123,0.001,0.0010709939148073,"*"
"503","C33 vs C87",1,0.245249772540639,1.65571813367482,0.0842359522259423,0.089,0.089168880455408,""
"504","C33 vs C88",1,0.281232453103836,2.31540974525264,0.113973076314334,0.007,0.00716279069767442,"*"
"505","C33 vs C89",1,0.538043520187875,4.80527322044801,0.210708864305096,0.001,0.0010709939148073,"*"
"506","C33 vs C90",1,0.432857626284397,3.64534285315511,0.168412340607659,0.002,0.0020665362035225,"*"
"507","C33 vs C91",1,0.748554990894863,6.62750576146197,0.269109906039813,0.001,0.0010709939148073,"*"
"508","C36 vs C56",1,0.544498213510435,4.98862900037066,0.217004198044617,0.001,0.0010709939148073,"*"
"509","C36 vs C87",1,0.318431890397702,2.51759749654152,0.122704302829115,0.011,0.0111907514450867,"."
"510","C36 vs C88",1,0.293676170260544,2.94203533641815,0.140484689723637,0.001,0.0010709939148073,"*"
"511","C36 vs C89",1,0.477244563068135,5.28340723923156,0.226917271383255,0.001,0.0010709939148073,"*"
"512","C36 vs C90",1,0.485924935133171,5.0042637237079,0.217536356903723,0.001,0.0010709939148073,"*"
"513","C36 vs C91",1,0.596368038390232,6.53151324491574,0.266249912090907,0.001,0.0010709939148073,"*"
"514","C56 vs C87",1,0.410852336310234,2.87567012114895,0.137752230441486,0.009,0.00919148936170213,"*"
"515","C56 vs C88",1,0.523293792823078,4.50299514393092,0.200106479832103,0.001,0.0010709939148073,"*"
"516","C56 vs C89",1,0.640846333294802,6.00502473381445,0.250156990063648,0.001,0.0010709939148073,"*"
"517","C56 vs C90",1,0.396894815207309,3.49712954984232,0.162678907513397,0.002,0.0020665362035225,"*"
"518","C56 vs C91",1,0.864526468671881,8.02749504335111,0.30842365083465,0.001,0.0010709939148073,"*"
"519","C87 vs C88",1,0.132505809549558,0.992220348447559,0.0522435149889499,0.333,0.333,""
"520","C87 vs C89",1,0.442857817981368,3.56991018389161,0.165504174725661,0.001,0.0010709939148073,"*"
"521","C87 vs C90",1,0.311837219793695,2.38359959320544,0.116937127925137,0.037,0.0372114285714286,"."
"522","C87 vs C91",1,0.670933855223446,5.36617218257584,0.229655595304455,0.001,0.0010709939148073,"*"
"523","C88 vs C89",1,0.488060097844776,5.01133506631212,0.217776806598612,0.001,0.0010709939148073,"*"
"524","C88 vs C90",1,0.45099914276044,4.32968272743998,0.193898085355213,0.001,0.0010709939148073,"*"
"525","C88 vs C91",1,0.699428046329353,7.11028089484409,0.283162140822728,0.001,0.0010709939148073,"*"
"526","C89 vs C90",1,0.336699774166802,3.55646232530963,0.164983579941777,0.001,0.0010709939148073,"*"
"527","C89 vs C91",1,0.142877223726094,1.60758844224705,0.0819880755342304,0.011,0.0111907514450867,"."
"528","C90 vs C91",1,0.527290288836149,5.51270625447304,0.234456476205256,0.001,0.0010709939148073,"*"
